arm	inversion	break1start	break1stop	break2start	break2stop	est length
X	1A	13518816	13519435	19473361	19488829	5961969.5
X	1Be	17722743	17722945	19487744	19487956	1765006
2L	2LT	2225744	2225744	13154180	13154180	10928436
2R	2RNS	11278728	11276564	16163902	16161856	4885233
3L	3LP	3173077	3178934	16301955	16305524	13127734
3L	3LOK	2311085	NA	11097829	NA	8786744
3R	3RK	7575342	7576355	21966103	21993127	14403766.5
3R	3RMO	17232639	17232645	24857019	24857052	7624393.5
3R	3RP	12254017	12254017	20569747	20569747	8315730
